{
  "data": {
    "gender": "female", 
    "age": 40, 
    "friends": [
      {
        "picture": "http://placehold.it/32x32", 
        "name": "June Leach", 
        "created": {
          "date": "Sun Mar 16 1980 11:48:44 GMT+0800 (+08)", 
          "timezone": "Asia/Kuala_Lumpur"
        }, 
        "gender": "female", 
        "age": 29, 
        "friends": [
          {
            "id": 0, 
            "relationship": [
              "acquaintance"
            ], 
            "name": "Lynch Sandoval"
          }, 
          {
            "id": 1, 
            "relationship": [
              "sibling"
            ], 
            "name": "Barrera Reed"
          }, 
          {
            "id": 2, 
            "relationship": [
              "sibling", 
              "acquaintance", 
              "friend"
            ], 
            "name": "Colette Carpenter"
          }
        ], 
        "email": "juneleach@strezzo.com", 
        "biography": "Occaecat reprehenderit et proident dolor cupidatat. Minim sint eiusmod elit culpa nisi magna laboris. Deserunt enim occaecat dolore laborum. Ut labore reprehenderit nostrud consequat commodo id sunt et ullamco. Minim consectetur exercitation Lorem cupidatat in aliqua veniam occaecat laboris ullamco esse ut. Eiusmod nisi ut quis cillum in aute cupidatat ad voluptate laborum dolore. Amet consectetur elit id esse dolore.\r\n", 
        "company": "STREZZO", 
        "id": "5a701c7eee0ac411060cef9a", 
        "isActive": true
      }, 
      {
        "picture": "http://placehold.it/32x32", 
        "name": "Christensen Merritt", 
        "created": {
          "date": "Tue Oct 21 2003 22:12:17 GMT+0800 (+08)", 
          "timezone": "Asia/Kuala_Lumpur"
        }, 
        "gender": "male", 
        "age": 37, 
        "friends": [
          {
            "id": 0, 
            "relationship": [
              "acquaintance"
            ], 
            "name": "Mendoza Huff"
          }
        ], 
        "email": "christensenmerritt@comtours.com", 
        "biography": "Occaecat tempor mollit esse enim aliqua labore elit non. Esse esse occaecat consectetur ea ipsum minim labore duis mollit ullamco do. Adipisicing aliquip voluptate occaecat anim do aliqua.\r\n", 
        "company": "COMTOURS", 
        "id": "5a701c7e4b51cbb85eb715d7", 
        "isActive": true
      }, 
      {
        "picture": "http://placehold.it/32x32", 
        "name": "Velasquez Romero", 
        "created": {
          "date": "Wed Dec 19 2001 23:41:09 GMT+0800 (+08)", 
          "timezone": "Asia/Kuala_Lumpur"
        }, 
        "gender": "male", 
        "age": 32, 
        "friends": [
          {
            "id": 0, 
            "relationship": [], 
            "name": "Francis Rhodes"
          }
        ], 
        "email": "velasquezromero@tingles.com", 
        "biography": "Non non veniam duis anim nulla eu quis. Sit nisi culpa adipisicing proident qui. Labore enim non in dolore commodo labore ipsum veniam nisi.\r\n", 
        "company": "TINGLES", 
        "id": "5a701c7ed8eb10c5ca70f408", 
        "isActive": true
      }, 
      {
        "picture": "http://placehold.it/32x32", 
        "name": "Cox Hanson", 
        "created": {
          "date": "Sun Jan 20 2002 00:38:07 GMT+0800 (+08)", 
          "timezone": "Asia/Kuala_Lumpur"
        }, 
        "gender": "male", 
        "age": 26, 
        "friends": [
          {
            "id": 0, 
            "relationship": [
              "sibling", 
              "coworker", 
              "friend"
            ], 
            "name": "Rosalinda Booth"
          }, 
          {
            "id": 1, 
            "relationship": [
              "sibling", 
              "friend"
            ], 
            "name": "Gross Whitaker"
          }, 
          {
            "id": 2, 
            "relationship": [
              "sibling"
            ], 
            "name": "Peterson Chase"
          }
        ], 
        "email": "coxhanson@ecratic.com", 
        "biography": "Fugiat irure nisi tempor laborum eu excepteur ea aliqua nulla sit. Officia irure adipisicing eu et minim ea et quis. Sit do culpa consectetur dolor velit ullamco culpa. Proident magna aute dolor non do quis ad culpa elit aute reprehenderit. Ipsum incididunt reprehenderit sit sunt culpa excepteur magna. Qui irure cillum quis labore est qui tempor. Culpa sit exercitation laboris enim qui do non aute minim aute occaecat.\r\n", 
        "company": "ECRATIC", 
        "id": "5a701c7e2ef8700cd8a2c28f", 
        "isActive": false
      }, 
      {
        "picture": "http://placehold.it/32x32", 
        "name": "Ruth Kidd", 
        "created": {
          "date": "Mon Dec 15 1986 03:15:01 GMT+0800 (+08)", 
          "timezone": "Asia/Kuala_Lumpur"
        }, 
        "gender": "female", 
        "age": 40, 
        "friends": [
          {
            "id": 0, 
            "relationship": [
              "coworker"
            ], 
            "name": "Turner Bolton"
          }, 
          {
            "id": 1, 
            "relationship": [
              "sibling", 
              "coworker"
            ], 
            "name": "Melisa Poole"
          }
        ], 
        "email": "ruthkidd@comvene.com", 
        "biography": "Qui dolor voluptate aliquip velit esse reprehenderit exercitation. Veniam aliquip exercitation ullamco dolore incididunt irure fugiat proident. Ea quis ad amet in nostrud. Laboris nisi cupidatat commodo deserunt labore irure mollit voluptate occaecat aute. Est et officia Lorem non tempor ad eu. Aliquip do labore Lorem tempor.\r\n", 
        "company": "COMVENE", 
        "id": "5a701c7e24f7d61a485161ee", 
        "isActive": false
      }, 
      {
        "picture": "http://placehold.it/32x32", 
        "name": "Lott Bell", 
        "created": {
          "date": "Wed Feb 13 1974 01:19:45 GMT+0800 (+08)", 
          "timezone": "Asia/Kuala_Lumpur"
        }, 
        "gender": "male", 
        "age": 39, 
        "friends": [
          {
            "id": 0, 
            "relationship": [], 
            "name": "Wynn Valencia"
          }
        ], 
        "email": "lottbell@datagen.com", 
        "biography": "Veniam minim quis enim reprehenderit dolor pariatur. Adipisicing eu proident veniam elit sunt minim labore non. Est adipisicing esse culpa sint do quis minim consequat ex nisi exercitation. Cupidatat consequat nisi esse ipsum culpa elit adipisicing magna amet. Laborum id voluptate ut nulla. Nostrud dolor laboris sunt eiusmod et aliqua cillum amet in ex eiusmod consequat aute quis.\r\n", 
        "company": "DATAGEN", 
        "id": "5a701c7e40d4a5df292d68fd", 
        "isActive": true
      }, 
      {
        "picture": "http://placehold.it/32x32", 
        "name": "Collins Bryant", 
        "created": {
          "date": "Sat Apr 15 2006 10:15:16 GMT+0800 (+08)", 
          "timezone": "Asia/Kuala_Lumpur"
        }, 
        "gender": "male", 
        "age": 27, 
        "friends": [
          {
            "id": 0, 
            "relationship": [
              "acquaintance", 
              "friend"
            ], 
            "name": "Delia Buckner"
          }, 
          {
            "id": 1, 
            "relationship": [
              "sibling", 
              "coworker", 
              "friend"
            ], 
            "name": "Reva Marshall"
          }, 
          {
            "id": 2, 
            "relationship": [
              "friend"
            ], 
            "name": "Mullen Bright"
          }
        ], 
        "email": "collinsbryant@typhonica.com", 
        "biography": "Ipsum ea consequat eu reprehenderit tempor. Pariatur consequat veniam nulla aute aliqua excepteur elit dolore deserunt velit. Ex nulla nulla elit est laboris non adipisicing enim cillum. Incididunt ullamco commodo ea excepteur ad nulla irure eu ad excepteur deserunt amet nisi. Ut deserunt velit velit cupidatat reprehenderit proident id aute exercitation nulla. Est nostrud do quis minim Lorem id. Pariatur dolor exercitation occaecat dolore occaecat veniam anim.\r\n", 
        "company": "TYPHONICA", 
        "id": "5a701c7eabae497c3aaa6f6e", 
        "isActive": true
      }, 
      {
        "picture": "http://placehold.it/32x32", 
        "name": "Peggy Crane", 
        "created": {
          "date": "Fri Aug 06 1993 18:01:59 GMT+0800 (+08)", 
          "timezone": "Asia/Kuala_Lumpur"
        }, 
        "gender": "female", 
        "age": 30, 
        "friends": [
          {
            "id": 0, 
            "relationship": [
              "acquaintance", 
              "friend"
            ], 
            "name": "Price Gutierrez"
          }
        ], 
        "email": "peggycrane@gynk.com", 
        "biography": "Enim mollit eiusmod tempor aliqua culpa. Duis aliquip excepteur irure occaecat velit amet velit ut ea duis reprehenderit sit. Culpa nisi adipisicing sunt velit amet. Est deserunt consectetur nisi nulla Lorem veniam occaecat anim. Elit laborum quis elit cupidatat aliqua labore in do ex enim velit excepteur dolor Lorem. Ipsum veniam pariatur dolor labore enim proident exercitation elit elit et veniam mollit.\r\n", 
        "company": "GYNK", 
        "id": "5a701c7e879d6932f4a463c2", 
        "isActive": false
      }, 
      {
        "picture": "http://placehold.it/32x32", 
        "name": "Ramirez Fleming", 
        "created": {
          "date": "Sun Nov 22 1970 12:06:07 GMT+0800 (+08)", 
          "timezone": "Asia/Kuala_Lumpur"
        }, 
        "gender": "male", 
        "age": 24, 
        "friends": [
          {
            "id": 0, 
            "relationship": [
              "sibling", 
              "coworker"
            ], 
            "name": "Dorothy Ross"
          }
        ], 
        "email": "ramirezfleming@malathion.com", 
        "biography": "Irure elit duis adipisicing officia irure minim velit elit velit sunt. Lorem exercitation laboris consectetur duis nisi anim reprehenderit laboris aute minim deserunt fugiat do laboris. Veniam anim ad velit nostrud deserunt qui aliquip.\r\n", 
        "company": "MALATHION", 
        "id": "5a701c7ec640de020dc826cd", 
        "isActive": true
      }, 
      {
        "picture": "http://placehold.it/32x32", 
        "name": "Augusta Mack", 
        "created": {
          "date": "Tue Jul 27 1999 22:55:14 GMT+0800 (+08)", 
          "timezone": "Asia/Kuala_Lumpur"
        }, 
        "gender": "female", 
        "age": 35, 
        "friends": [
          {
            "id": 0, 
            "relationship": [
              "friend"
            ], 
            "name": "Hopkins Hewitt"
          }, 
          {
            "id": 1, 
            "relationship": [], 
            "name": "Jewel Anderson"
          }, 
          {
            "id": 2, 
            "relationship": [
              "sibling", 
              "friend"
            ], 
            "name": "Griffin Delgado"
          }
        ], 
        "email": "augustamack@joviold.com", 
        "biography": "Sint velit proident do nostrud incididunt dolore in laboris enim fugiat magna commodo. Sunt consectetur aliqua eiusmod aute et magna consequat aliqua qui reprehenderit magna nostrud voluptate. Et anim adipisicing aliqua duis commodo do qui eu mollit. Laboris magna dolor labore tempor officia dolor aliqua. Aliqua tempor anim Lorem mollit culpa. Ea qui occaecat deserunt nostrud aute enim dolor eu ipsum ex ipsum culpa nulla quis.\r\n", 
        "company": "JOVIOLD", 
        "id": "5a701c7e70e38fe3e7eb04a2", 
        "isActive": false
      }, 
      {
        "picture": "http://placehold.it/32x32", 
        "name": "Casey Schultz", 
        "created": {
          "date": "Sun Jan 11 1970 15:39:43 GMT+0800 (+08)", 
          "timezone": "Asia/Kuala_Lumpur"
        }, 
        "gender": "female", 
        "age": 22, 
        "friends": [
          {
            "id": 0, 
            "relationship": [], 
            "name": "Watts Miranda"
          }, 
          {
            "id": 1, 
            "relationship": [
              "sibling"
            ], 
            "name": "Reid Cross"
          }, 
          {
            "id": 2, 
            "relationship": [
              "sibling", 
              "acquaintance", 
              "friend"
            ], 
            "name": "Delores Snow"
          }
        ], 
        "email": "caseyschultz@nexgene.com", 
        "biography": "Laborum fugiat esse labore sint officia dolore. Ullamco mollit ea voluptate aute ea ullamco ex velit ea sit deserunt. Tempor incididunt labore cupidatat Lorem adipisicing.\r\n", 
        "company": "NEXGENE", 
        "id": "5a701c7e6478e8a6ec0248f4", 
        "isActive": false
      }, 
      {
        "picture": "http://placehold.it/32x32", 
        "name": "Harmon Daniels", 
        "created": {
          "date": "Tue Jun 05 1984 03:32:33 GMT+0800 (+08)", 
          "timezone": "Asia/Kuala_Lumpur"
        }, 
        "gender": "male", 
        "age": 32, 
        "friends": [
          {
            "id": 0, 
            "relationship": [
              "coworker", 
              "friend"
            ], 
            "name": "Merrill Kerr"
          }, 
          {
            "id": 1, 
            "relationship": [
              "coworker", 
              "friend"
            ], 
            "name": "Clarice Stanley"
          }
        ], 
        "email": "harmondaniels@digiprint.com", 
        "biography": "Laborum in velit occaecat ex veniam mollit pariatur qui irure occaecat. Aliquip ipsum ea nisi sunt veniam. Incididunt duis deserunt est non enim dolor commodo aute est Lorem Lorem. Mollit culpa duis eu ut.\r\n", 
        "company": "DIGIPRINT", 
        "id": "5a701c7e04ee9dcdf2d18336", 
        "isActive": false
      }, 
      {
        "picture": "http://placehold.it/32x32", 
        "name": "Case Wilkins", 
        "created": {
          "date": "Thu Aug 29 1985 12:35:57 GMT+0800 (+08)", 
          "timezone": "Asia/Kuala_Lumpur"
        }, 
        "gender": "male", 
        "age": 25, 
        "friends": [
          {
            "id": 0, 
            "relationship": [
              "sibling", 
              "coworker", 
              "acquaintance"
            ], 
            "name": "Ida Carr"
          }, 
          {
            "id": 1, 
            "relationship": [
              "sibling", 
              "coworker", 
              "friend"
            ], 
            "name": "Henson Ellison"
          }
        ], 
        "email": "casewilkins@hyplex.com", 
        "biography": "Id non et aliquip ea nulla dolor nisi in exercitation irure magna excepteur. Excepteur Lorem aute deserunt culpa id laborum nisi nostrud. Aute amet exercitation culpa nostrud.\r\n", 
        "company": "HYPLEX", 
        "id": "5a701c7e626c668ccb43216b", 
        "isActive": true
      }, 
      {
        "picture": "http://placehold.it/32x32", 
        "name": "James King", 
        "created": {
          "date": "Tue Jun 16 1987 11:40:00 GMT+0800 (+08)", 
          "timezone": "Asia/Kuala_Lumpur"
        }, 
        "gender": "male", 
        "age": 23, 
        "friends": [
          {
            "id": 0, 
            "relationship": [], 
            "name": "Sexton Medina"
          }, 
          {
            "id": 1, 
            "relationship": [
              "acquaintance"
            ], 
            "name": "Lily Duke"
          }
        ], 
        "email": "jamesking@gleamink.com", 
        "biography": "Sint voluptate occaecat cupidatat anim qui proident sint nostrud veniam ullamco. Consectetur aute fugiat esse sit cupidatat adipisicing ea dolor aute adipisicing amet eiusmod deserunt. Aute enim aliquip veniam velit mollit nisi minim incididunt qui sunt nulla sint commodo. Ipsum ad nulla ullamco Lorem ad esse. Aute ea et excepteur laborum duis.\r\n", 
        "company": "GLEAMINK", 
        "id": "5a701c7ed5d32b51e8226360", 
        "isActive": false
      }, 
      {
        "picture": "http://placehold.it/32x32", 
        "name": "Jeannie Yang", 
        "created": {
          "date": "Fri Jan 11 2002 01:09:59 GMT+0800 (+08)", 
          "timezone": "Asia/Kuala_Lumpur"
        }, 
        "gender": "female", 
        "age": 36, 
        "friends": [
          {
            "id": 0, 
            "relationship": [
              "coworker"
            ], 
            "name": "Patti Davidson"
          }, 
          {
            "id": 1, 
            "relationship": [
              "coworker", 
              "acquaintance"
            ], 
            "name": "Diana Glover"
          }
        ], 
        "email": "jeannieyang@idego.com", 
        "biography": "Anim do est aute do laboris eu amet ut eiusmod aliquip sunt consequat nisi consequat. Dolor anim sit in ullamco tempor laboris officia nostrud. Ea nisi est officia voluptate ullamco tempor.\r\n", 
        "company": "IDEGO", 
        "id": "5a701c7e7178f151cb056160", 
        "isActive": false
      }, 
      {
        "picture": "http://placehold.it/32x32", 
        "name": "Moon Mckay", 
        "created": {
          "date": "Sun Mar 04 1973 16:58:39 GMT+0800 (+08)", 
          "timezone": "Asia/Kuala_Lumpur"
        }, 
        "gender": "male", 
        "age": 25, 
        "friends": [
          {
            "id": 0, 
            "relationship": [
              "sibling", 
              "coworker", 
              "friend"
            ], 
            "name": "Liz Berry"
          }, 
          {
            "id": 1, 
            "relationship": [
              "sibling", 
              "coworker"
            ], 
            "name": "Ingram Mccall"
          }, 
          {
            "id": 2, 
            "relationship": [], 
            "name": "Angela Osborne"
          }
        ], 
        "email": "moonmckay@recrisys.com", 
        "biography": "Sint quis exercitation cupidatat ullamco esse quis consequat enim aute minim anim dolore pariatur elit. Qui sit aliquip sit amet sint nisi deserunt fugiat non ex incididunt. Velit magna eu quis nulla sint amet pariatur in laboris nostrud fugiat officia eiusmod minim. Laboris Lorem amet laborum ea laboris magna do. Fugiat incididunt duis culpa excepteur culpa ipsum pariatur pariatur cillum officia eiusmod ipsum. Nulla tempor mollit nulla id fugiat qui laborum aliquip officia ad culpa reprehenderit.\r\n", 
        "company": "RECRISYS", 
        "id": "5a701c7e033eae394ed45e3c", 
        "isActive": false
      }, 
      {
        "picture": "http://placehold.it/32x32", 
        "name": "Katharine Hughes", 
        "created": {
          "date": "Sun Mar 15 2015 16:23:26 GMT+0800 (+08)", 
          "timezone": "Asia/Kuala_Lumpur"
        }, 
        "gender": "female", 
        "age": 39, 
        "friends": [
          {
            "id": 0, 
            "relationship": [
              "sibling", 
              "acquaintance"
            ], 
            "name": "Mabel Clayton"
          }, 
          {
            "id": 1, 
            "relationship": [
              "sibling", 
              "friend"
            ], 
            "name": "Benjamin David"
          }, 
          {
            "id": 2, 
            "relationship": [
              "sibling", 
              "acquaintance", 
              "friend"
            ], 
            "name": "Autumn Gaines"
          }
        ], 
        "email": "katharinehughes@quarex.com", 
        "biography": "Elit aliqua velit aliqua consequat ad. Sunt ad do ea aliqua officia amet do eu dolore amet laboris dolore. Enim quis Lorem tempor tempor occaecat dolore sint nostrud. Minim tempor nisi mollit aute occaecat enim sit proident reprehenderit labore. Et quis Lorem ad do et do. Sint id labore dolore do nisi sit dolor. Nulla non ad velit nostrud magna eiusmod.\r\n", 
        "company": "QUAREX", 
        "id": "5a701c7e575fa4aca461233f", 
        "isActive": false
      }, 
      {
        "picture": "http://placehold.it/32x32", 
        "name": "Adriana Schneider", 
        "created": {
          "date": "Sun Aug 28 1994 16:54:13 GMT+0800 (+08)", 
          "timezone": "Asia/Kuala_Lumpur"
        }, 
        "gender": "female", 
        "age": 25, 
        "friends": [
          {
            "id": 0, 
            "relationship": [
              "sibling", 
              "coworker"
            ], 
            "name": "Drake Park"
          }, 
          {
            "id": 1, 
            "relationship": [
              "coworker", 
              "acquaintance", 
              "friend"
            ], 
            "name": "Kenya Marquez"
          }, 
          {
            "id": 2, 
            "relationship": [
              "coworker", 
              "acquaintance"
            ], 
            "name": "Stephenson Gilliam"
          }
        ], 
        "email": "adrianaschneider@sulfax.com", 
        "biography": "Cillum quis adipisicing non ut ad elit. Nulla incididunt amet eiusmod tempor deserunt dolore. Irure irure nostrud tempor qui nulla culpa duis dolore aliqua mollit pariatur cupidatat. Officia id nulla eiusmod consectetur elit velit nostrud id amet est anim.\r\n", 
        "company": "SULFAX", 
        "id": "5a701c7e84370baad2b4fd95", 
        "isActive": false
      }, 
      {
        "picture": "http://placehold.it/32x32", 
        "name": "Kay Estrada", 
        "created": {
          "date": "Mon Sep 02 2002 17:08:11 GMT+0800 (+08)", 
          "timezone": "Asia/Kuala_Lumpur"
        }, 
        "gender": "female", 
        "age": 39, 
        "friends": [
          {
            "id": 0, 
            "relationship": [
              "sibling", 
              "friend"
            ], 
            "name": "Christa Castro"
          }, 
          {
            "id": 1, 
            "relationship": [
              "acquaintance"
            ], 
            "name": "Freda Cummings"
          }
        ], 
        "email": "kayestrada@harmoney.com", 
        "biography": "Enim excepteur labore ex consectetur. Culpa proident reprehenderit minim duis exercitation ullamco eiusmod mollit. Excepteur commodo minim et nostrud magna duis do culpa.\r\n", 
        "company": "HARMONEY", 
        "id": "5a701c7e49b2cedba3d95380", 
        "isActive": true
      }, 
      {
        "picture": "http://placehold.it/32x32", 
        "name": "Meredith Zamora", 
        "created": {
          "date": "Sat Nov 07 2009 19:00:23 GMT+0800 (+08)", 
          "timezone": "Asia/Kuala_Lumpur"
        }, 
        "gender": "female", 
        "age": 21, 
        "friends": [
          {
            "id": 0, 
            "relationship": [
              "coworker"
            ], 
            "name": "Patel Harper"
          }, 
          {
            "id": 1, 
            "relationship": [
              "sibling", 
              "acquaintance", 
              "friend"
            ], 
            "name": "George Martinez"
          }, 
          {
            "id": 2, 
            "relationship": [
              "acquaintance"
            ], 
            "name": "Pat Moses"
          }
        ], 
        "email": "meredithzamora@austech.com", 
        "biography": "Enim sunt mollit magna voluptate tempor labore consectetur anim. Exercitation nisi nostrud ex proident elit enim ut sunt sunt elit. Deserunt et cillum veniam magna est ex cupidatat adipisicing cillum proident exercitation. Ut velit adipisicing deserunt ipsum minim nulla consectetur consectetur duis velit.\r\n", 
        "company": "AUSTECH", 
        "id": "5a701c7e7bdbb4cf3d9185ce", 
        "isActive": false
      }, 
      {
        "picture": "http://placehold.it/32x32", 
        "name": "Stewart Parks", 
        "created": {
          "date": "Wed Jul 12 2000 10:07:51 GMT+0800 (+08)", 
          "timezone": "Asia/Kuala_Lumpur"
        }, 
        "gender": "male", 
        "age": 34, 
        "friends": [
          {
            "id": 0, 
            "relationship": [
              "acquaintance", 
              "friend"
            ], 
            "name": "Riley Allen"
          }, 
          {
            "id": 1, 
            "relationship": [], 
            "name": "Simpson Owen"
          }, 
          {
            "id": 2, 
            "relationship": [
              "sibling", 
              "friend"
            ], 
            "name": "Brianna Rosales"
          }
        ], 
        "email": "stewartparks@elpro.com", 
        "biography": "Irure non aliqua dolore consequat sit et consectetur velit quis magna consequat aute. Officia est reprehenderit Lorem exercitation ut. Est magna eiusmod eiusmod commodo.\r\n", 
        "company": "ELPRO", 
        "id": "5a701c7e7cfa3ac9fcd501a6", 
        "isActive": true
      }, 
      {
        "picture": "http://placehold.it/32x32", 
        "name": "Erna Vaughn", 
        "created": {
          "date": "Thu Nov 12 1987 10:33:28 GMT+0800 (+08)", 
          "timezone": "Asia/Kuala_Lumpur"
        }, 
        "gender": "female", 
        "age": 35, 
        "friends": [
          {
            "id": 0, 
            "relationship": [
              "coworker"
            ], 
            "name": "Marietta Bush"
          }, 
          {
            "id": 1, 
            "relationship": [
              "sibling", 
              "coworker"
            ], 
            "name": "Sweet Freeman"
          }, 
          {
            "id": 2, 
            "relationship": [
              "sibling", 
              "acquaintance", 
              "friend"
            ], 
            "name": "Bertha Oneill"
          }
        ], 
        "email": "ernavaughn@fuelton.com", 
        "biography": "Veniam ut Lorem tempor exercitation sit tempor ut eu. Ullamco ullamco ut ipsum ut. Occaecat nisi reprehenderit irure culpa mollit commodo sit. Ut adipisicing nisi esse reprehenderit non commodo aute eiusmod ex.\r\n", 
        "company": "FUELTON", 
        "id": "5a701c7ef0297135e23f60bf", 
        "isActive": true
      }, 
      {
        "picture": "http://placehold.it/32x32", 
        "name": "Alissa Mathews", 
        "created": {
          "date": "Tue Jul 31 1973 02:03:49 GMT+0800 (+08)", 
          "timezone": "Asia/Kuala_Lumpur"
        }, 
        "gender": "female", 
        "age": 36, 
        "friends": [
          {
            "id": 0, 
            "relationship": [
              "sibling", 
              "coworker", 
              "acquaintance"
            ], 
            "name": "Harding Lindsay"
          }, 
          {
            "id": 1, 
            "relationship": [
              "sibling", 
              "coworker", 
              "friend"
            ], 
            "name": "Russell Forbes"
          }
        ], 
        "email": "alissamathews@duoflex.com", 
        "biography": "Ullamco aute deserunt enim ipsum qui et minim aliqua et non cupidatat in veniam. Aute do officia laborum anim fugiat elit excepteur. Nostrud aliquip sunt laborum do laboris non. Non eu sint mollit mollit irure cillum adipisicing voluptate irure esse nulla.\r\n", 
        "company": "DUOFLEX", 
        "id": "5a701c7e4663c2efc3e96b2d", 
        "isActive": false
      }, 
      {
        "picture": "http://placehold.it/32x32", 
        "name": "Victoria Barnes", 
        "created": {
          "date": "Mon Mar 05 2001 11:49:01 GMT+0800 (+08)", 
          "timezone": "Asia/Kuala_Lumpur"
        }, 
        "gender": "female", 
        "age": 37, 
        "friends": [
          {
            "id": 0, 
            "relationship": [
              "friend"
            ], 
            "name": "Lilian Morrow"
          }
        ], 
        "email": "victoriabarnes@dogspa.com", 
        "biography": "Duis deserunt est anim minim mollit mollit aliqua ullamco aliqua ea adipisicing enim ipsum in. Nisi amet amet aliquip deserunt quis deserunt reprehenderit. Velit aliquip sit Lorem cillum incididunt esse esse.\r\n", 
        "company": "DOGSPA", 
        "id": "5a701c7eaae4d7c404f404c0", 
        "isActive": false
      }, 
      {
        "picture": "http://placehold.it/32x32", 
        "name": "Bessie Howell", 
        "created": {
          "date": "Mon Aug 15 2016 21:52:58 GMT+0800 (+08)", 
          "timezone": "Asia/Kuala_Lumpur"
        }, 
        "gender": "female", 
        "age": 38, 
        "friends": [
          {
            "id": 0, 
            "relationship": [
              "sibling", 
              "friend"
            ], 
            "name": "Salazar Baxter"
          }, 
          {
            "id": 1, 
            "relationship": [
              "sibling", 
              "acquaintance", 
              "friend"
            ], 
            "name": "Mitchell Brooks"
          }, 
          {
            "id": 2, 
            "relationship": [
              "sibling", 
              "friend"
            ], 
            "name": "Hess Rowe"
          }
        ], 
        "email": "bessiehowell@eventix.com", 
        "biography": "Duis eu ut sit aliquip reprehenderit. Laborum deserunt ex laborum nostrud in voluptate commodo laboris adipisicing do dolor laborum. Tempor officia reprehenderit velit adipisicing deserunt. Amet fugiat id non et esse dolor excepteur. Mollit aute amet aute eu minim do qui ex tempor occaecat Lorem.\r\n", 
        "company": "EVENTIX", 
        "id": "5a701c7ed278685aa1572384", 
        "isActive": false
      }, 
      {
        "picture": "http://placehold.it/32x32", 
        "name": "Alta Sims", 
        "created": {
          "date": "Sun Jan 02 1994 08:54:32 GMT+0800 (+08)", 
          "timezone": "Asia/Kuala_Lumpur"
        }, 
        "gender": "female", 
        "age": 35, 
        "friends": [
          {
            "id": 0, 
            "relationship": [
              "sibling", 
              "coworker", 
              "friend"
            ], 
            "name": "Luna Clarke"
          }
        ], 
        "email": "altasims@xylar.com", 
        "biography": "Reprehenderit qui laborum non tempor et cupidatat voluptate minim consectetur duis aliqua. Velit sunt dolore magna nulla proident labore irure consequat. Nostrud in non mollit irure voluptate sunt proident amet sint ea ex exercitation adipisicing. Eu id commodo labore voluptate proident adipisicing enim.\r\n", 
        "company": "XYLAR", 
        "id": "5a701c7ec7ee2082dfa8a471", 
        "isActive": false
      }, 
      {
        "picture": "http://placehold.it/32x32", 
        "name": "Preston Stein", 
        "created": {
          "date": "Thu Dec 02 1993 09:50:31 GMT+0800 (+08)", 
          "timezone": "Asia/Kuala_Lumpur"
        }, 
        "gender": "male", 
        "age": 34, 
        "friends": [
          {
            "id": 0, 
            "relationship": [
              "acquaintance"
            ], 
            "name": "Dunn Quinn"
          }
        ], 
        "email": "prestonstein@aquoavo.com", 
        "biography": "Occaecat mollit sint cillum Lorem laborum officia mollit occaecat officia nisi. Velit velit sit occaecat adipisicing labore aute cillum. Voluptate minim exercitation nostrud enim nisi sit. Nostrud excepteur labore labore veniam exercitation anim.\r\n", 
        "company": "AQUOAVO", 
        "id": "5a701c7e1037f8045112ad58", 
        "isActive": false
      }, 
      {
        "picture": "http://placehold.it/32x32", 
        "name": "Gordon Lee", 
        "created": {
          "date": "Sat Dec 12 1987 18:36:09 GMT+0800 (+08)", 
          "timezone": "Asia/Kuala_Lumpur"
        }, 
        "gender": "male", 
        "age": 26, 
        "friends": [
          {
            "id": 0, 
            "relationship": [
              "sibling", 
              "coworker"
            ], 
            "name": "Carter Deleon"
          }, 
          {
            "id": 1, 
            "relationship": [
              "sibling", 
              "acquaintance"
            ], 
            "name": "Fowler Barton"
          }
        ], 
        "email": "gordonlee@cuizine.com", 
        "biography": "Dolor excepteur est nisi veniam ex excepteur mollit quis amet. Tempor aliquip nisi laboris sunt laborum non esse. Quis nulla nostrud excepteur cillum irure deserunt consequat amet. Labore amet tempor Lorem aliqua aliqua. Ullamco nisi deserunt cupidatat cillum minim proident quis fugiat.\r\n", 
        "company": "CUIZINE", 
        "id": "5a701c7ee4eff346fdf6062c", 
        "isActive": true
      }, 
      {
        "picture": "http://placehold.it/32x32", 
        "name": "Houston Carney", 
        "created": {
          "date": "Sun Aug 29 2010 21:27:36 GMT+0800 (+08)", 
          "timezone": "Asia/Kuala_Lumpur"
        }, 
        "gender": "male", 
        "age": 39, 
        "friends": [
          {
            "id": 0, 
            "relationship": [
              "sibling", 
              "acquaintance"
            ], 
            "name": "Ewing Hester"
          }, 
          {
            "id": 1, 
            "relationship": [
              "coworker", 
              "friend"
            ], 
            "name": "Mai Maynard"
          }, 
          {
            "id": 2, 
            "relationship": [
              "acquaintance", 
              "friend"
            ], 
            "name": "Newton Slater"
          }
        ], 
        "email": "houstoncarney@qualitern.com", 
        "biography": "Ullamco mollit ut proident do eiusmod enim culpa elit anim ad magna eiusmod. Commodo officia pariatur ut do fugiat Lorem ullamco. Nulla culpa ut in officia velit magna veniam mollit veniam.\r\n", 
        "company": "QUALITERN", 
        "id": "5a701c7e3480b4c5aff8b375", 
        "isActive": false
      }, 
      {
        "picture": "http://placehold.it/32x32", 
        "name": "Rachael Kirby", 
        "created": {
          "date": "Sun Feb 16 2014 14:42:58 GMT+0800 (+08)", 
          "timezone": "Asia/Kuala_Lumpur"
        }, 
        "gender": "female", 
        "age": 38, 
        "friends": [
          {
            "id": 0, 
            "relationship": [
              "friend"
            ], 
            "name": "Stanley Mccarty"
          }
        ], 
        "email": "rachaelkirby@deviltoe.com", 
        "biography": "In cupidatat labore adipisicing consectetur. Pariatur ea nisi exercitation exercitation do duis magna elit. Veniam enim qui dolore esse. Eiusmod proident adipisicing id occaecat enim labore enim nulla cupidatat culpa id. Esse Lorem ipsum aliqua excepteur fugiat dolore reprehenderit proident dolor elit elit aute.\r\n", 
        "company": "DEVILTOE", 
        "id": "5a701c7ea6c842feb62cb570", 
        "isActive": false
      }, 
      {
        "picture": "http://placehold.it/32x32", 
        "name": "Roberta Robertson", 
        "created": {
          "date": "Mon May 09 2016 08:26:37 GMT+0800 (+08)", 
          "timezone": "Asia/Kuala_Lumpur"
        }, 
        "gender": "female", 
        "age": 38, 
        "friends": [
          {
            "id": 0, 
            "relationship": [
              "sibling", 
              "coworker", 
              "acquaintance"
            ], 
            "name": "Dawn England"
          }, 
          {
            "id": 1, 
            "relationship": [
              "sibling", 
              "coworker", 
              "friend"
            ], 
            "name": "Pearson Clemons"
          }
        ], 
        "email": "robertarobertson@zanymax.com", 
        "biography": "Laboris et in ut nostrud. Irure nulla in sit nostrud amet mollit ad eiusmod officia cillum est reprehenderit. Ea proident dolor cillum et excepteur sint quis deserunt tempor labore. Tempor incididunt do cillum id in quis proident occaecat amet consectetur duis cillum est consectetur.\r\n", 
        "company": "ZANYMAX", 
        "id": "5a701c7e73f52583a89cf347", 
        "isActive": false
      }, 
      {
        "picture": "http://placehold.it/32x32", 
        "name": "Kathie Chen", 
        "created": {
          "date": "Tue Jun 02 1992 10:18:21 GMT+0800 (+08)", 
          "timezone": "Asia/Kuala_Lumpur"
        }, 
        "gender": "female", 
        "age": 29, 
        "friends": [
          {
            "id": 0, 
            "relationship": [
              "sibling", 
              "friend"
            ], 
            "name": "Ayers Dorsey"
          }, 
          {
            "id": 1, 
            "relationship": [
              "coworker"
            ], 
            "name": "Chambers Chapman"
          }
        ], 
        "email": "kathiechen@trasola.com", 
        "biography": "Velit cillum irure adipisicing labore reprehenderit culpa. Et qui minim anim deserunt reprehenderit sint consectetur nisi sunt esse id pariatur elit. Do aliqua ipsum non cillum nisi enim officia ut non nostrud ipsum. Est deserunt deserunt non aute do incididunt exercitation sint Lorem quis commodo nulla dolore.\r\n", 
        "company": "TRASOLA", 
        "id": "5a701c7ead5eda91db97e1a9", 
        "isActive": false
      }, 
      {
        "picture": "http://placehold.it/32x32", 
        "name": "Trisha Mendoza", 
        "created": {
          "date": "Tue Sep 19 1995 01:46:21 GMT+0800 (+08)", 
          "timezone": "Asia/Kuala_Lumpur"
        }, 
        "gender": "female", 
        "age": 26, 
        "friends": [
          {
            "id": 0, 
            "relationship": [
              "sibling", 
              "acquaintance"
            ], 
            "name": "Marcella Garcia"
          }, 
          {
            "id": 1, 
            "relationship": [
              "sibling", 
              "coworker", 
              "acquaintance"
            ], 
            "name": "Lucile Bartlett"
          }, 
          {
            "id": 2, 
            "relationship": [
              "coworker", 
              "acquaintance"
            ], 
            "name": "Hewitt Wilcox"
          }
        ], 
        "email": "trishamendoza@calcula.com", 
        "biography": "Laborum excepteur ut eiusmod irure mollit minim velit dolore. Ea non dolor do est voluptate reprehenderit exercitation enim est minim cupidatat. Nostrud pariatur est proident incididunt aute deserunt aliquip aliqua nostrud dolor irure fugiat in et. Adipisicing ut commodo ea velit esse nulla laborum commodo dolore magna est. Consectetur irure dolor deserunt elit cillum dolore duis. Aliqua ipsum esse dolor labore officia adipisicing proident voluptate aliquip veniam aute ullamco. Dolore pariatur proident enim occaecat sint sint ea sint ea occaecat sint esse.\r\n", 
        "company": "CALCULA", 
        "id": "5a701c7ea44e6da2bead86c1", 
        "isActive": true
      }, 
      {
        "picture": "http://placehold.it/32x32", 
        "name": "Lucille Wright", 
        "created": {
          "date": "Sat Jan 11 2014 04:28:55 GMT+0800 (+08)", 
          "timezone": "Asia/Kuala_Lumpur"
        }, 
        "gender": "female", 
        "age": 20, 
        "friends": [
          {
            "id": 0, 
            "relationship": [
              "sibling", 
              "coworker", 
              "acquaintance", 
              "friend"
            ], 
            "name": "Wilkins Dennis"
          }, 
          {
            "id": 1, 
            "relationship": [
              "coworker", 
              "acquaintance"
            ], 
            "name": "Nell Lynn"
          }, 
          {
            "id": 2, 
            "relationship": [
              "friend"
            ], 
            "name": "Carrillo Shaffer"
          }
        ], 
        "email": "lucillewright@lunchpod.com", 
        "biography": "Do quis incididunt fugiat aliqua anim nulla nostrud veniam qui nisi esse amet cillum laboris. Velit ut mollit deserunt voluptate est amet eu cillum consectetur commodo Lorem. Duis enim cupidatat sunt id aliquip sit minim laboris qui.\r\n", 
        "company": "LUNCHPOD", 
        "id": "5a701c7e94f0f138c5d5f877", 
        "isActive": false
      }, 
      {
        "picture": "http://placehold.it/32x32", 
        "name": "Webb Wise", 
        "created": {
          "date": "Sat Oct 08 1994 09:19:53 GMT+0800 (+08)", 
          "timezone": "Asia/Kuala_Lumpur"
        }, 
        "gender": "male", 
        "age": 34, 
        "friends": [
          {
            "id": 0, 
            "relationship": [
              "sibling", 
              "acquaintance"
            ], 
            "name": "Yang Ryan"
          }
        ], 
        "email": "webbwise@candecor.com", 
        "biography": "Non commodo exercitation sunt do non fugiat et mollit incididunt dolore pariatur. Excepteur adipisicing exercitation ad nulla incididunt anim enim adipisicing laboris. Nisi anim voluptate ex eiusmod ad sit est.\r\n", 
        "company": "CANDECOR", 
        "id": "5a701c7e973e1a0d7826b013", 
        "isActive": false
      }, 
      {
        "picture": "http://placehold.it/32x32", 
        "name": "Naomi Riddle", 
        "created": {
          "date": "Mon Jul 19 2010 20:23:21 GMT+0800 (+08)", 
          "timezone": "Asia/Kuala_Lumpur"
        }, 
        "gender": "female", 
        "age": 37, 
        "friends": [
          {
            "id": 0, 
            "relationship": [
              "sibling", 
              "coworker", 
              "acquaintance"
            ], 
            "name": "Hunter Bryan"
          }, 
          {
            "id": 1, 
            "relationship": [], 
            "name": "Doris Kane"
          }, 
          {
            "id": 2, 
            "relationship": [
              "sibling", 
              "coworker", 
              "acquaintance"
            ], 
            "name": "Ruby Orr"
          }
        ], 
        "email": "naomiriddle@norsul.com", 
        "biography": "Laborum sint aute occaecat est occaecat. Eiusmod ullamco reprehenderit non sint nisi ad occaecat. Occaecat magna nulla dolore ut fugiat esse veniam aliquip consectetur culpa quis occaecat laborum. Esse ad elit elit cupidatat est ex. Quis aliquip occaecat tempor enim nostrud minim eu dolor. Cupidatat reprehenderit in velit qui esse exercitation ad excepteur amet cupidatat culpa est.\r\n", 
        "company": "NORSUL", 
        "id": "5a701c7e68656ff8ee92a4cf", 
        "isActive": true
      }, 
      {
        "picture": "http://placehold.it/32x32", 
        "name": "Ramos Gonzales", 
        "created": {
          "date": "Fri Oct 13 1995 21:34:57 GMT+0800 (+08)", 
          "timezone": "Asia/Kuala_Lumpur"
        }, 
        "gender": "male", 
        "age": 29, 
        "friends": [
          {
            "id": 0, 
            "relationship": [], 
            "name": "Mcleod Benton"
          }, 
          {
            "id": 1, 
            "relationship": [
              "acquaintance", 
              "friend"
            ], 
            "name": "Velma Sherman"
          }
        ], 
        "email": "ramosgonzales@uni.com", 
        "biography": "Magna dolore pariatur aliqua labore qui in est amet. Officia do sint veniam labore aliquip voluptate reprehenderit in eu. Commodo aliquip sit excepteur id fugiat nisi proident minim consectetur commodo. Id non tempor sint elit ex. Anim dolore fugiat aute nostrud.\r\n", 
        "company": "UNI", 
        "id": "5a701c7e07dd8ed30f620707", 
        "isActive": false
      }, 
      {
        "picture": "http://placehold.it/32x32", 
        "name": "Judy Fernandez", 
        "created": {
          "date": "Wed Jul 22 2009 11:03:36 GMT+0800 (+08)", 
          "timezone": "Asia/Kuala_Lumpur"
        }, 
        "gender": "female", 
        "age": 32, 
        "friends": [
          {
            "id": 0, 
            "relationship": [
              "sibling", 
              "acquaintance", 
              "friend"
            ], 
            "name": "Mcintosh Moss"
          }, 
          {
            "id": 1, 
            "relationship": [
              "coworker", 
              "acquaintance"
            ], 
            "name": "Miriam Stout"
          }
        ], 
        "email": "judyfernandez@sarasonic.com", 
        "biography": "Sunt magna aute exercitation culpa veniam. Laborum amet laborum nisi adipisicing sint officia ipsum qui laborum tempor enim sit nisi ullamco. Fugiat laboris cupidatat ullamco labore in reprehenderit sit exercitation in excepteur reprehenderit do commodo ex. Culpa ullamco labore ad aute. Sint ullamco anim labore velit. Voluptate aute proident nulla fugiat laboris excepteur anim ea quis fugiat et do. Excepteur ad sint esse sint ullamco.\r\n", 
        "company": "SARASONIC", 
        "id": "5a701c7e7d27555dc9b88f95", 
        "isActive": false
      }, 
      {
        "picture": "http://placehold.it/32x32", 
        "name": "Cardenas Downs", 
        "created": {
          "date": "Sat Sep 15 1990 03:03:03 GMT+0800 (+08)", 
          "timezone": "Asia/Kuala_Lumpur"
        }, 
        "gender": "male", 
        "age": 37, 
        "friends": [
          {
            "id": 0, 
            "relationship": [
              "sibling", 
              "coworker"
            ], 
            "name": "Morris Barker"
          }
        ], 
        "email": "cardenasdowns@fortean.com", 
        "biography": "Minim ipsum labore Lorem officia ipsum. Deserunt ipsum eu nostrud cupidatat duis id ipsum occaecat nostrud anim ex. Proident eiusmod ex est cupidatat fugiat laborum magna reprehenderit occaecat Lorem exercitation amet non. Officia voluptate esse labore sint nisi irure aliqua adipisicing irure laborum. Consectetur occaecat eu labore occaecat reprehenderit velit amet enim est ex. Excepteur et adipisicing dolore ex. Ullamco tempor exercitation ea nulla dolor culpa in mollit aliqua.\r\n", 
        "company": "FORTEAN", 
        "id": "5a701c7eaaa6587facb85020", 
        "isActive": false
      }, 
      {
        "picture": "http://placehold.it/32x32", 
        "name": "Celeste Luna", 
        "created": {
          "date": "Thu Dec 09 2004 11:55:02 GMT+0800 (+08)", 
          "timezone": "Asia/Kuala_Lumpur"
        }, 
        "gender": "female", 
        "age": 32, 
        "friends": [
          {
            "id": 0, 
            "relationship": [
              "sibling", 
              "acquaintance"
            ], 
            "name": "Jami Joyner"
          }, 
          {
            "id": 1, 
            "relationship": [
              "acquaintance"
            ], 
            "name": "Steele Richardson"
          }, 
          {
            "id": 2, 
            "relationship": [
              "sibling", 
              "acquaintance"
            ], 
            "name": "Diann Dodson"
          }
        ], 
        "email": "celesteluna@gorganic.com", 
        "biography": "Sunt aliquip do voluptate culpa aliquip cupidatat dolore velit laborum enim. Ex proident cillum ullamco do sint velit laborum eiusmod ut quis labore dolore occaecat. Excepteur ex sit irure aute amet cupidatat magna. Nulla cupidatat consectetur aute nisi incididunt nulla Lorem deserunt ex qui in velit. Consequat occaecat ut qui incididunt commodo.\r\n", 
        "company": "GORGANIC", 
        "id": "5a701c7e87f426d326b5bf7a", 
        "isActive": true
      }, 
      {
        "picture": "http://placehold.it/32x32", 
        "name": "Young Maldonado", 
        "created": {
          "date": "Sun Dec 01 2013 03:25:00 GMT+0800 (+08)", 
          "timezone": "Asia/Kuala_Lumpur"
        }, 
        "gender": "male", 
        "age": 28, 
        "friends": [
          {
            "id": 0, 
            "relationship": [
              "friend"
            ], 
            "name": "Stone Green"
          }, 
          {
            "id": 1, 
            "relationship": [
              "acquaintance"
            ], 
            "name": "Hicks Webster"
          }, 
          {
            "id": 2, 
            "relationship": [
              "coworker", 
              "acquaintance", 
              "friend"
            ], 
            "name": "Jennings Bradley"
          }
        ], 
        "email": "youngmaldonado@zenthall.com", 
        "biography": "Ex sit ad quis do quis pariatur do Lorem tempor dolor et enim. Pariatur quis velit fugiat exercitation reprehenderit in elit aliqua commodo eiusmod. Pariatur ut ea nisi non ut eiusmod nostrud Lorem cupidatat ipsum. Quis ea ex labore irure enim id. Cillum magna in aliquip voluptate et anim do occaecat cillum adipisicing proident do nisi sit. Qui nisi laboris ullamco consequat anim cupidatat anim esse enim.\r\n", 
        "company": "ZENTHALL", 
        "id": "5a701c7e054bda2b744be541", 
        "isActive": false
      }, 
      {
        "picture": "http://placehold.it/32x32", 
        "name": "Danielle Estes", 
        "created": {
          "date": "Sat Jun 28 1975 06:02:20 GMT+0800 (+08)", 
          "timezone": "Asia/Kuala_Lumpur"
        }, 
        "gender": "female", 
        "age": 30, 
        "friends": [
          {
            "id": 0, 
            "relationship": [], 
            "name": "Olson Murphy"
          }
        ], 
        "email": "danielleestes@glasstep.com", 
        "biography": "Occaecat incididunt magna Lorem Lorem ea. Occaecat aliquip aliqua occaecat tempor aliquip in. Nostrud nostrud ea duis commodo consequat adipisicing proident. Non excepteur cupidatat ad ut velit dolor in.\r\n", 
        "company": "GLASSTEP", 
        "id": "5a701c7ec3d1179c22947bae", 
        "isActive": true
      }, 
      {
        "picture": "http://placehold.it/32x32", 
        "name": "Jan Irwin", 
        "created": {
          "date": "Wed Oct 23 1985 21:49:56 GMT+0800 (+08)", 
          "timezone": "Asia/Kuala_Lumpur"
        }, 
        "gender": "female", 
        "age": 39, 
        "friends": [
          {
            "id": 0, 
            "relationship": [
              "coworker", 
              "acquaintance"
            ], 
            "name": "Gaines Knowles"
          }
        ], 
        "email": "janirwin@bristo.com", 
        "biography": "Veniam laboris quis adipisicing eiusmod ad amet qui est anim et in officia. Et veniam dolor voluptate ea. Et fugiat magna sint laboris. Et sit nisi minim esse non eu velit occaecat. Minim nisi sunt exercitation do minim nostrud veniam labore officia. Qui velit culpa ut sint. Commodo ut excepteur nisi proident sit eiusmod sit occaecat reprehenderit aute elit voluptate.\r\n", 
        "company": "BRISTO", 
        "id": "5a701c7e76732deecfb20e7c", 
        "isActive": true
      }, 
      {
        "picture": "http://placehold.it/32x32", 
        "name": "Gould Arnold", 
        "created": {
          "date": "Mon Oct 18 1999 10:08:29 GMT+0800 (+08)", 
          "timezone": "Asia/Kuala_Lumpur"
        }, 
        "gender": "male", 
        "age": 23, 
        "friends": [
          {
            "id": 0, 
            "relationship": [
              "friend"
            ], 
            "name": "Natalia Roberson"
          }, 
          {
            "id": 1, 
            "relationship": [
              "sibling", 
              "coworker", 
              "acquaintance"
            ], 
            "name": "Downs Morrison"
          }
        ], 
        "email": "gouldarnold@emtrac.com", 
        "biography": "Ad aliquip irure anim incididunt excepteur Lorem. Reprehenderit nisi minim ut quis. Esse sunt fugiat deserunt commodo minim reprehenderit eu non pariatur.\r\n", 
        "company": "EMTRAC", 
        "id": "5a701c7e64620cd185fcf319", 
        "isActive": false
      }, 
      {
        "picture": "http://placehold.it/32x32", 
        "name": "Boyle Landry", 
        "created": {
          "date": "Mon Feb 01 1999 03:41:39 GMT+0800 (+08)", 
          "timezone": "Asia/Kuala_Lumpur"
        }, 
        "gender": "male", 
        "age": 27, 
        "friends": [
          {
            "id": 0, 
            "relationship": [
              "sibling", 
              "coworker"
            ], 
            "name": "Ellen Hogan"
          }
        ], 
        "email": "boylelandry@portica.com", 
        "biography": "Elit anim et ut magna adipisicing enim. Aliquip elit dolore ullamco esse amet consectetur nisi minim dolor. Non culpa pariatur sint aliquip eu eiusmod cillum reprehenderit velit duis id. Pariatur qui mollit culpa dolore proident quis et do nisi eiusmod quis sunt minim. Culpa culpa pariatur nisi id pariatur et mollit ex ea tempor dolore ut qui non. Minim pariatur est excepteur tempor sint irure laborum irure dolor consequat. Consequat dolore excepteur adipisicing ex ea esse ad.\r\n", 
        "company": "PORTICA", 
        "id": "5a701c7e92e2d36f541c6f88", 
        "isActive": true
      }, 
      {
        "picture": "http://placehold.it/32x32", 
        "name": "Ryan Kemp", 
        "created": {
          "date": "Thu Jul 04 2002 03:14:20 GMT+0800 (+08)", 
          "timezone": "Asia/Kuala_Lumpur"
        }, 
        "gender": "male", 
        "age": 22, 
        "friends": [
          {
            "id": 0, 
            "relationship": [
              "sibling", 
              "coworker", 
              "acquaintance"
            ], 
            "name": "Karla Jimenez"
          }, 
          {
            "id": 1, 
            "relationship": [], 
            "name": "Lena Lancaster"
          }, 
          {
            "id": 2, 
            "relationship": [], 
            "name": "Dolly Harrington"
          }
        ], 
        "email": "ryankemp@digial.com", 
        "biography": "Non aliqua fugiat est in quis cupidatat duis est quis dolore commodo ipsum. Laboris in qui do sit do amet cupidatat duis anim ipsum labore ullamco cillum commodo. Quis incididunt tempor sit sit cillum dolore aliquip ad. Velit minim pariatur labore et.\r\n", 
        "company": "DIGIAL", 
        "id": "5a701c7e0229464f3724fd95", 
        "isActive": false
      }, 
      {
        "picture": "http://placehold.it/32x32", 
        "name": "Cherie Fuller", 
        "created": {
          "date": "Sat Oct 14 1972 09:35:06 GMT+0800 (+08)", 
          "timezone": "Asia/Kuala_Lumpur"
        }, 
        "gender": "female", 
        "age": 30, 
        "friends": [
          {
            "id": 0, 
            "relationship": [
              "coworker", 
              "friend"
            ], 
            "name": "Whitaker Barrera"
          }
        ], 
        "email": "cheriefuller@zoid.com", 
        "biography": "Aute do incididunt incididunt do cupidatat eiusmod culpa amet sint esse. Lorem exercitation enim non ea nulla. Id irure commodo veniam in sit officia. Nulla eu in pariatur nulla consectetur eu proident aliqua ipsum aliqua est tempor non. Laboris aute non voluptate in aliqua eu minim mollit.\r\n", 
        "company": "ZOID", 
        "id": "5a701c7e7715faa032c1bf65", 
        "isActive": false
      }, 
      {
        "picture": "http://placehold.it/32x32", 
        "name": "Vicki Singleton", 
        "created": {
          "date": "Thu Jan 04 1973 03:01:48 GMT+0800 (+08)", 
          "timezone": "Asia/Kuala_Lumpur"
        }, 
        "gender": "female", 
        "age": 39, 
        "friends": [
          {
            "id": 0, 
            "relationship": [
              "sibling", 
              "coworker", 
              "friend"
            ], 
            "name": "Coleen Buckley"
          }
        ], 
        "email": "vickisingleton@hairport.com", 
        "biography": "Duis non ut minim ad esse irure aute elit incididunt. Est aute minim elit eiusmod. Deserunt incididunt cupidatat amet aliqua cupidatat sit voluptate adipisicing.\r\n", 
        "company": "HAIRPORT", 
        "id": "5a701c7ec59a8b0870d2aba4", 
        "isActive": true
      }
    ], 
    "name": "Jeanette Johnston"
  }
}